<workflow-app xmlns="uri:oozie:workflow:0.5" name="Oozie_PySpark_Example_WF">
    <start to="pyspark-oozie-demo"/>
	<action name='pyspark-oozie-demo'>
        <spark xmlns="uri:oozie:spark-action:0.2">
            <job-tracker>${jobTracker}</job-tracker>
            <name-node>${nameNode}</name-node>
            <master>${master}</master>
            <mode>${mode}</mode>
            <name>PySpark - MySQL Table Read Demo</name>
            <jar>cloudtv_pyspark_mysql_table_read_demo.py</jar>
            <arg>${get_data_date}</arg>
            <file>${wfAppPath}/cloudtv_pyspark_mysql_table_read_demo.py#cloudtv_pyspark_mysql_table_read_demo.py</file>
        </spark>
        <ok to="end" />
        <error to="fail" />
    </action>
    <kill name="fail">
        <message>Oozie workflow for Hive failed, error message[${wf:errorMessage(wf:lastErrorNode())}]</message>
    </kill>
    <end name="end"/>
</workflow-app>